experiment_name,output_dir,parsed_block_size,epoch,split,loss,perplexity,bpc
tiny_shakespeare_mamba2_random_windows_block_size_1024,outputs/TinyShakespeare/tiny_shakespeare_mamba2_random_windows_block_size_1024,1024,1,train,3.0784009456634522,21.723637331510595,4.441193778176558
tiny_shakespeare_mamba2_random_windows_block_size_1024,outputs/TinyShakespeare/tiny_shakespeare_mamba2_random_windows_block_size_1024,1024,1,val,2.4775153347557852,11.911631202733137,3.5742990871785314
tiny_shakespeare_mamba2_random_windows_block_size_1024,outputs/TinyShakespeare/tiny_shakespeare_mamba2_random_windows_block_size_1024,1024,2,train,2.24812814394633,9.469992772009567,3.24336332455428
tiny_shakespeare_mamba2_random_windows_block_size_1024,outputs/TinyShakespeare/tiny_shakespeare_mamba2_random_windows_block_size_1024,1024,2,val,2.1483180883881787,8.570431559887338,3.0993678523696833
tiny_shakespeare_mamba2_random_windows_block_size_1024,outputs/TinyShakespeare/tiny_shakespeare_mamba2_random_windows_block_size_1024,1024,3,train,1.9802821238835653,7.244786624205788,2.856943199687884
tiny_shakespeare_mamba2_random_windows_block_size_1024,outputs/TinyShakespeare/tiny_shakespeare_mamba2_random_windows_block_size_1024,1024,3,val,1.9779770867548159,7.228106353753943,2.853617734053172
tiny_shakespeare_mamba2_random_windows_block_size_1024,outputs/TinyShakespeare/tiny_shakespeare_mamba2_random_windows_block_size_1024,1024,4,train,1.8041181643803914,6.074612276432539,2.6027923289292905
tiny_shakespeare_mamba2_random_windows_block_size_1024,outputs/TinyShakespeare/tiny_shakespeare_mamba2_random_windows_block_size_1024,1024,4,val,1.869231553552136,6.483312406177149,2.6967310925828394
tiny_shakespeare_mamba2_random_windows_block_size_1024,outputs/TinyShakespeare/tiny_shakespeare_mamba2_random_windows_block_size_1024,1024,5,train,1.680268613497416,5.366997425465339,2.4241151960540965
tiny_shakespeare_mamba2_random_windows_block_size_1024,outputs/TinyShakespeare/tiny_shakespeare_mamba2_random_windows_block_size_1024,1024,5,val,1.7850686038648005,5.959988811824252,2.575309622442333
tiny_shakespeare_mamba2_random_windows_block_size_1024,outputs/TinyShakespeare/tiny_shakespeare_mamba2_random_windows_block_size_1024,1024,6,train,1.5846535285313925,4.87760113609035,2.2861717871394376
tiny_shakespeare_mamba2_random_windows_block_size_1024,outputs/TinyShakespeare/tiny_shakespeare_mamba2_random_windows_block_size_1024,1024,6,val,1.7263844248793654,5.620296524494955,2.4906462484414056
tiny_shakespeare_mamba2_random_windows_block_size_1024,outputs/TinyShakespeare/tiny_shakespeare_mamba2_random_windows_block_size_1024,1024,7,train,1.5200864235560099,4.572620360177939,2.1930211449868957
tiny_shakespeare_mamba2_random_windows_block_size_1024,outputs/TinyShakespeare/tiny_shakespeare_mamba2_random_windows_block_size_1024,1024,7,val,1.6769145717881109,5.349026446799779,2.419276336713147
tiny_shakespeare_mamba2_random_windows_block_size_1024,outputs/TinyShakespeare/tiny_shakespeare_mamba2_random_windows_block_size_1024,1024,8,train,1.4693810224533081,4.346543895161458,2.1198687142697423
tiny_shakespeare_mamba2_random_windows_block_size_1024,outputs/TinyShakespeare/tiny_shakespeare_mamba2_random_windows_block_size_1024,1024,8,val,1.6410838060250625,5.160759744828936,2.3675834686355435
tiny_shakespeare_mamba2_random_windows_block_size_1024,outputs/TinyShakespeare/tiny_shakespeare_mamba2_random_windows_block_size_1024,1024,9,train,1.4296891291936238,4.177400358231048,2.0626054167005017
tiny_shakespeare_mamba2_random_windows_block_size_1024,outputs/TinyShakespeare/tiny_shakespeare_mamba2_random_windows_block_size_1024,1024,9,val,1.6137455514141004,5.021584650965322,2.328142704281748
tiny_shakespeare_mamba2_random_windows_block_size_1024,outputs/TinyShakespeare/tiny_shakespeare_mamba2_random_windows_block_size_1024,1024,10,train,1.3976722955703735,4.045771637358038,2.0164148896072716
tiny_shakespeare_mamba2_random_windows_block_size_1024,outputs/TinyShakespeare/tiny_shakespeare_mamba2_random_windows_block_size_1024,1024,10,val,1.588172982270522,4.894797871453344,2.2912492855955175
tiny_shakespeare_mamba2_random_windows_block_size_256,outputs/TinyShakespeare/tiny_shakespeare_mamba2_random_windows_block_size_256,256,1,train,3.087750228246053,21.92769014300608,4.4546819417943455
tiny_shakespeare_mamba2_random_windows_block_size_256,outputs/TinyShakespeare/tiny_shakespeare_mamba2_random_windows_block_size_256,256,1,val,2.489897273273344,12.06003716866739,3.5921624484744057
tiny_shakespeare_mamba2_random_windows_block_size_256,outputs/TinyShakespeare/tiny_shakespeare_mamba2_random_windows_block_size_256,256,2,train,2.264272165298462,9.624117284804088,3.2666542240990064
tiny_shakespeare_mamba2_random_windows_block_size_256,outputs/TinyShakespeare/tiny_shakespeare_mamba2_random_windows_block_size_256,256,2,val,2.167238424787634,8.734130746550347,3.1266641278651286
tiny_shakespeare_mamba2_random_windows_block_size_256,outputs/TinyShakespeare/tiny_shakespeare_mamba2_random_windows_block_size_256,256,3,train,2.005640474955241,7.430851647361379,2.8935275670241114
tiny_shakespeare_mamba2_random_windows_block_size_256,outputs/TinyShakespeare/tiny_shakespeare_mamba2_random_windows_block_size_256,256,3,val,2.001974412262952,7.403659553780129,2.888238556558358
tiny_shakespeare_mamba2_random_windows_block_size_256,outputs/TinyShakespeare/tiny_shakespeare_mamba2_random_windows_block_size_256,256,4,train,1.8423974672953287,6.311652115828204,2.658017689413357
tiny_shakespeare_mamba2_random_windows_block_size_256,outputs/TinyShakespeare/tiny_shakespeare_mamba2_random_windows_block_size_256,256,4,val,1.8986513397454625,6.6768835198812,2.739174872227965
tiny_shakespeare_mamba2_random_windows_block_size_256,outputs/TinyShakespeare/tiny_shakespeare_mamba2_random_windows_block_size_256,256,5,train,1.7250592788060506,5.61285374310006,2.488734466772981
tiny_shakespeare_mamba2_random_windows_block_size_256,outputs/TinyShakespeare/tiny_shakespeare_mamba2_random_windows_block_size_256,256,5,val,1.8170777258311326,6.153848914577774,2.6214890239663706
tiny_shakespeare_mamba2_random_windows_block_size_256,outputs/TinyShakespeare/tiny_shakespeare_mamba2_random_windows_block_size_256,256,6,train,1.6344924688339233,5.1268552977599535,2.3580741791570596
tiny_shakespeare_mamba2_random_windows_block_size_256,outputs/TinyShakespeare/tiny_shakespeare_mamba2_random_windows_block_size_256,256,6,val,1.7645454790062498,5.838917844124595,2.5457010119853574
tiny_shakespeare_mamba2_random_windows_block_size_256,outputs/TinyShakespeare/tiny_shakespeare_mamba2_random_windows_block_size_256,256,7,train,1.5726272106170653,4.819292873788106,2.2688214779242837
tiny_shakespeare_mamba2_random_windows_block_size_256,outputs/TinyShakespeare/tiny_shakespeare_mamba2_random_windows_block_size_256,256,7,val,1.7179063767165825,5.572848796135169,2.478415010400541
tiny_shakespeare_mamba2_random_windows_block_size_256,outputs/TinyShakespeare/tiny_shakespeare_mamba2_random_windows_block_size_256,256,8,train,1.5270150105158489,4.604412166945449,2.2030169830342237
tiny_shakespeare_mamba2_random_windows_block_size_256,outputs/TinyShakespeare/tiny_shakespeare_mamba2_random_windows_block_size_256,256,8,val,1.6838788322094491,5.38640847798759,2.429323640686471
tiny_shakespeare_mamba2_random_windows_block_size_256,outputs/TinyShakespeare/tiny_shakespeare_mamba2_random_windows_block_size_256,256,9,train,1.488477603594462,4.430345640033923,2.147419257180019
tiny_shakespeare_mamba2_random_windows_block_size_256,outputs/TinyShakespeare/tiny_shakespeare_mamba2_random_windows_block_size_256,256,9,val,1.6588419592914847,5.253223873550587,2.393203068288357
tiny_shakespeare_mamba2_random_windows_block_size_256,outputs/TinyShakespeare/tiny_shakespeare_mamba2_random_windows_block_size_256,256,10,train,1.4643745342890422,4.324837356698197,2.1126458786228866
tiny_shakespeare_mamba2_random_windows_block_size_256,outputs/TinyShakespeare/tiny_shakespeare_mamba2_random_windows_block_size_256,256,10,val,1.6356780442596446,5.132937175962492,2.3597846029443477
tiny_shakespeare_mamba2_random_windows_block_size_512,outputs/TinyShakespeare/tiny_shakespeare_mamba2_random_windows_block_size_512,512,1,train,3.082704210281372,21.81732132033836,4.447402076700464
tiny_shakespeare_mamba2_random_windows_block_size_512,outputs/TinyShakespeare/tiny_shakespeare_mamba2_random_windows_block_size_512,512,1,val,2.480758493329802,11.95032522310522,3.578977975970082
tiny_shakespeare_mamba2_random_windows_block_size_512,outputs/TinyShakespeare/tiny_shakespeare_mamba2_random_windows_block_size_512,512,2,train,2.2553401629130048,9.538537415026296,3.253768068552299
tiny_shakespeare_mamba2_random_windows_block_size_512,outputs/TinyShakespeare/tiny_shakespeare_mamba2_random_windows_block_size_512,512,2,val,2.1549825820197213,8.627739899856552,3.108982684281946
tiny_shakespeare_mamba2_random_windows_block_size_512,outputs/TinyShakespeare/tiny_shakespeare_mamba2_random_windows_block_size_512,512,3,train,1.989811642964681,7.314155959821791,2.870691389608266
tiny_shakespeare_mamba2_random_windows_block_size_512,outputs/TinyShakespeare/tiny_shakespeare_mamba2_random_windows_block_size_512,512,3,val,1.9865122466659917,7.290063427981079,2.8659313669302193
tiny_shakespeare_mamba2_random_windows_block_size_512,outputs/TinyShakespeare/tiny_shakespeare_mamba2_random_windows_block_size_512,512,4,train,1.8184463580449421,6.162277036625253,2.6234635428740343
tiny_shakespeare_mamba2_random_windows_block_size_512,outputs/TinyShakespeare/tiny_shakespeare_mamba2_random_windows_block_size_512,512,4,val,1.879084523753946,6.547508029559153,2.7109459238310176
tiny_shakespeare_mamba2_random_windows_block_size_512,outputs/TinyShakespeare/tiny_shakespeare_mamba2_random_windows_block_size_512,512,5,train,1.6980504274368287,5.4632859301034475,2.4497689308424975
tiny_shakespeare_mamba2_random_windows_block_size_512,outputs/TinyShakespeare/tiny_shakespeare_mamba2_random_windows_block_size_512,512,5,val,1.7967254044785685,6.029869715656515,2.592126830880448
tiny_shakespeare_mamba2_random_windows_block_size_512,outputs/TinyShakespeare/tiny_shakespeare_mamba2_random_windows_block_size_512,512,6,train,1.605989933013916,4.9827897901741105,2.316953712076775
tiny_shakespeare_mamba2_random_windows_block_size_512,outputs/TinyShakespeare/tiny_shakespeare_mamba2_random_windows_block_size_512,512,6,val,1.7427995271150534,5.71331563695937,2.5143282350325182
tiny_shakespeare_mamba2_random_windows_block_size_512,outputs/TinyShakespeare/tiny_shakespeare_mamba2_random_windows_block_size_512,512,7,train,1.5412639141082765,4.6704896398033515,2.223573805585124
tiny_shakespeare_mamba2_random_windows_block_size_512,outputs/TinyShakespeare/tiny_shakespeare_mamba2_random_windows_block_size_512,512,7,val,1.6949792875527057,5.446533153013625,2.4453382125617966
tiny_shakespeare_mamba2_random_windows_block_size_512,outputs/TinyShakespeare/tiny_shakespeare_mamba2_random_windows_block_size_512,512,8,train,1.4938764095306396,4.4543288986004965,2.155208087730864
tiny_shakespeare_mamba2_random_windows_block_size_512,outputs/TinyShakespeare/tiny_shakespeare_mamba2_random_windows_block_size_512,512,8,val,1.660378874900787,5.261303842845992,2.395420368816162
tiny_shakespeare_mamba2_random_windows_block_size_512,outputs/TinyShakespeare/tiny_shakespeare_mamba2_random_windows_block_size_512,512,9,train,1.454724383354187,4.2833027533597345,2.098723653725341
tiny_shakespeare_mamba2_random_windows_block_size_512,outputs/TinyShakespeare/tiny_shakespeare_mamba2_random_windows_block_size_512,512,9,val,1.6345060972073633,5.126925168934639,2.358093840743837
tiny_shakespeare_mamba2_random_windows_block_size_512,outputs/TinyShakespeare/tiny_shakespeare_mamba2_random_windows_block_size_512,512,10,train,1.425626564025879,4.160463823226549,2.056744374079708
tiny_shakespeare_mamba2_random_windows_block_size_512,outputs/TinyShakespeare/tiny_shakespeare_mamba2_random_windows_block_size_512,512,10,val,1.6082486701414505,4.994057322878625,2.320212380929341
tiny_shakespeare_multiscale_gated_mamba2_random_windows_block_size_1024,outputs/TinyShakespeare/tiny_shakespeare_multiscale_gated_mamba2_random_windows_block_size_1024,1024,1,train,3.0303567091623944,20.70461679881963,4.3718805964331855
tiny_shakespeare_multiscale_gated_mamba2_random_windows_block_size_1024,outputs/TinyShakespeare/tiny_shakespeare_multiscale_gated_mamba2_random_windows_block_size_1024,1024,1,val,2.470222017086697,11.825071928249141,3.56377705394571
tiny_shakespeare_multiscale_gated_mamba2_random_windows_block_size_1024,outputs/TinyShakespeare/tiny_shakespeare_multiscale_gated_mamba2_random_windows_block_size_1024,1024,2,train,2.2554883480072023,9.539950988824344,3.2539818544528316
tiny_shakespeare_multiscale_gated_mamba2_random_windows_block_size_1024,outputs/TinyShakespeare/tiny_shakespeare_multiscale_gated_mamba2_random_windows_block_size_1024,1024,2,val,2.146682478325423,8.556425133434375,3.0970081658433175
tiny_shakespeare_multiscale_gated_mamba2_random_windows_block_size_1024,outputs/TinyShakespeare/tiny_shakespeare_multiscale_gated_mamba2_random_windows_block_size_1024,1024,3,train,1.9829564332962035,7.264187355483869,2.8608014126152996
tiny_shakespeare_multiscale_gated_mamba2_random_windows_block_size_1024,outputs/TinyShakespeare/tiny_shakespeare_multiscale_gated_mamba2_random_windows_block_size_1024,1024,3,val,1.9771784357037578,7.222335923604129,2.8524655241424095
tiny_shakespeare_multiscale_gated_mamba2_random_windows_block_size_1024,outputs/TinyShakespeare/tiny_shakespeare_multiscale_gated_mamba2_random_windows_block_size_1024,1024,4,train,1.7996663173039755,6.047629138495967,2.596369671229349
tiny_shakespeare_multiscale_gated_mamba2_random_windows_block_size_1024,outputs/TinyShakespeare/tiny_shakespeare_multiscale_gated_mamba2_random_windows_block_size_1024,1024,4,val,1.8667116145745237,6.46699542207743,2.6930955891164956
tiny_shakespeare_multiscale_gated_mamba2_random_windows_block_size_1024,outputs/TinyShakespeare/tiny_shakespeare_multiscale_gated_mamba2_random_windows_block_size_1024,1024,5,train,1.6715924421946207,5.320633856392188,2.4115981267416506
tiny_shakespeare_multiscale_gated_mamba2_random_windows_block_size_1024,outputs/TinyShakespeare/tiny_shakespeare_multiscale_gated_mamba2_random_windows_block_size_1024,1024,5,val,1.783222233478088,5.948994617777463,2.572645873041779
tiny_shakespeare_multiscale_gated_mamba2_random_windows_block_size_1024,outputs/TinyShakespeare/tiny_shakespeare_multiscale_gated_mamba2_random_windows_block_size_1024,1024,6,train,1.5740027189254762,4.825926412374486,2.2708059169395294
tiny_shakespeare_multiscale_gated_mamba2_random_windows_block_size_1024,outputs/TinyShakespeare/tiny_shakespeare_multiscale_gated_mamba2_random_windows_block_size_1024,1024,6,val,1.7208843803970117,5.589469496330315,2.4827113615420453
tiny_shakespeare_multiscale_gated_mamba2_random_windows_block_size_1024,outputs/TinyShakespeare/tiny_shakespeare_multiscale_gated_mamba2_random_windows_block_size_1024,1024,7,train,1.505908727645874,4.508248539510406,2.172567053406111
tiny_shakespeare_multiscale_gated_mamba2_random_windows_block_size_1024,outputs/TinyShakespeare/tiny_shakespeare_multiscale_gated_mamba2_random_windows_block_size_1024,1024,7,val,1.6678112799520104,5.300553663705036,2.40614306272544
tiny_shakespeare_multiscale_gated_mamba2_random_windows_block_size_1024,outputs/TinyShakespeare/tiny_shakespeare_multiscale_gated_mamba2_random_windows_block_size_1024,1024,8,train,1.4511716524759928,4.268112331125939,2.093598146505757
tiny_shakespeare_multiscale_gated_mamba2_random_windows_block_size_1024,outputs/TinyShakespeare/tiny_shakespeare_multiscale_gated_mamba2_random_windows_block_size_1024,1024,8,val,1.6271446849612168,5.089322334004942,2.3474735678023824
tiny_shakespeare_multiscale_gated_mamba2_random_windows_block_size_1024,outputs/TinyShakespeare/tiny_shakespeare_multiscale_gated_mamba2_random_windows_block_size_1024,1024,9,train,1.408485213915507,4.089755604692791,2.032014633281333
tiny_shakespeare_multiscale_gated_mamba2_random_windows_block_size_1024,outputs/TinyShakespeare/tiny_shakespeare_multiscale_gated_mamba2_random_windows_block_size_1024,1024,9,val,1.5992459362081046,4.949298929807247,2.30722418132926
tiny_shakespeare_multiscale_gated_mamba2_random_windows_block_size_1024,outputs/TinyShakespeare/tiny_shakespeare_multiscale_gated_mamba2_random_windows_block_size_1024,1024,10,train,1.3757099787394205,3.9578857403599628,1.9847299640288232
tiny_shakespeare_multiscale_gated_mamba2_random_windows_block_size_1024,outputs/TinyShakespeare/tiny_shakespeare_multiscale_gated_mamba2_random_windows_block_size_1024,1024,10,val,1.575096838339398,4.831209441757904,2.272384397592135
tiny_shakespeare_multiscale_gated_mamba2_random_windows_block_size_256,outputs/TinyShakespeare/tiny_shakespeare_multiscale_gated_mamba2_random_windows_block_size_256,256,1,train,3.039491081237793,20.89460687133402,4.385058709727997
tiny_shakespeare_multiscale_gated_mamba2_random_windows_block_size_256,outputs/TinyShakespeare/tiny_shakespeare_multiscale_gated_mamba2_random_windows_block_size_256,256,1,val,2.4834715475661917,11.982791124539501,3.5828920858625843
tiny_shakespeare_multiscale_gated_mamba2_random_windows_block_size_256,outputs/TinyShakespeare/tiny_shakespeare_multiscale_gated_mamba2_random_windows_block_size_256,256,2,train,2.2730406761169433,9.708877528814678,3.2793045111728105
tiny_shakespeare_multiscale_gated_mamba2_random_windows_block_size_256,outputs/TinyShakespeare/tiny_shakespeare_multiscale_gated_mamba2_random_windows_block_size_256,256,2,val,2.1662538281274104,8.725535382764958,3.1252436551461478
tiny_shakespeare_multiscale_gated_mamba2_random_windows_block_size_256,outputs/TinyShakespeare/tiny_shakespeare_multiscale_gated_mamba2_random_windows_block_size_256,256,3,train,2.0110299587249756,7.471008216097145,2.9013029485316593
tiny_shakespeare_multiscale_gated_mamba2_random_windows_block_size_256,outputs/TinyShakespeare/tiny_shakespeare_multiscale_gated_mamba2_random_windows_block_size_256,256,3,val,2.0019820438856137,7.403716055931761,2.8882495666625263
tiny_shakespeare_multiscale_gated_mamba2_random_windows_block_size_256,outputs/TinyShakespeare/tiny_shakespeare_multiscale_gated_mamba2_random_windows_block_size_256,256,4,train,1.841381812095642,6.305244907845984,2.656552408693516
tiny_shakespeare_multiscale_gated_mamba2_random_windows_block_size_256,outputs/TinyShakespeare/tiny_shakespeare_multiscale_gated_mamba2_random_windows_block_size_256,256,4,val,1.8963103352732449,6.6612711871011365,2.735797516685198
tiny_shakespeare_multiscale_gated_mamba2_random_windows_block_size_256,outputs/TinyShakespeare/tiny_shakespeare_multiscale_gated_mamba2_random_windows_block_size_256,256,5,train,1.7193771441777548,5.58105119123988,2.480536879323075
tiny_shakespeare_multiscale_gated_mamba2_random_windows_block_size_256,outputs/TinyShakespeare/tiny_shakespeare_multiscale_gated_mamba2_random_windows_block_size_256,256,5,val,1.8202446172146642,6.173368377376465,2.6260578824604255
tiny_shakespeare_multiscale_gated_mamba2_random_windows_block_size_256,outputs/TinyShakespeare/tiny_shakespeare_multiscale_gated_mamba2_random_windows_block_size_256,256,6,train,1.6277494827906291,5.0924012760806185,2.348346106631616
tiny_shakespeare_multiscale_gated_mamba2_random_windows_block_size_256,outputs/TinyShakespeare/tiny_shakespeare_multiscale_gated_mamba2_random_windows_block_size_256,256,6,val,1.7642890786221384,5.837420935258771,2.5453311044227176
tiny_shakespeare_multiscale_gated_mamba2_random_windows_block_size_256,outputs/TinyShakespeare/tiny_shakespeare_multiscale_gated_mamba2_random_windows_block_size_256,256,7,train,1.5630767345428467,4.773485422168057,2.2550430534538797
tiny_shakespeare_multiscale_gated_mamba2_random_windows_block_size_256,outputs/TinyShakespeare/tiny_shakespeare_multiscale_gated_mamba2_random_windows_block_size_256,256,7,val,1.7134805644322495,5.548238913007174,2.4720299129660286
tiny_shakespeare_multiscale_gated_mamba2_random_windows_block_size_256,outputs/TinyShakespeare/tiny_shakespeare_multiscale_gated_mamba2_random_windows_block_size_256,256,8,train,1.5138537327448527,4.544209262043715,2.184029272862245
tiny_shakespeare_multiscale_gated_mamba2_random_windows_block_size_256,outputs/TinyShakespeare/tiny_shakespeare_multiscale_gated_mamba2_random_windows_block_size_256,256,8,val,1.6753300007402303,5.340557246154988,2.4169902839204336
tiny_shakespeare_multiscale_gated_mamba2_random_windows_block_size_256,outputs/TinyShakespeare/tiny_shakespeare_multiscale_gated_mamba2_random_windows_block_size_256,256,9,train,1.4715177377065023,4.355841151057913,2.1229513427693174
tiny_shakespeare_multiscale_gated_mamba2_random_windows_block_size_256,outputs/TinyShakespeare/tiny_shakespeare_multiscale_gated_mamba2_random_windows_block_size_256,256,9,val,1.6486931681431607,5.2001796243923755,2.3785614576276517
tiny_shakespeare_multiscale_gated_mamba2_random_windows_block_size_256,outputs/TinyShakespeare/tiny_shakespeare_multiscale_gated_mamba2_random_windows_block_size_256,256,10,train,1.4457038084665934,4.244838645112109,2.0857097150690422
tiny_shakespeare_multiscale_gated_mamba2_random_windows_block_size_256,outputs/TinyShakespeare/tiny_shakespeare_multiscale_gated_mamba2_random_windows_block_size_256,256,10,val,1.6225746656997297,5.066117097486465,2.340880423677068
tiny_shakespeare_multiscale_gated_mamba2_random_windows_block_size_512,outputs/TinyShakespeare/tiny_shakespeare_multiscale_gated_mamba2_random_windows_block_size_512,512,1,train,3.0352139472961426,20.805428688554574,4.378888109801161
tiny_shakespeare_multiscale_gated_mamba2_random_windows_block_size_512,outputs/TinyShakespeare/tiny_shakespeare_multiscale_gated_mamba2_random_windows_block_size_512,512,1,val,2.4740415828846527,11.870324936950148,3.56928752258077
tiny_shakespeare_multiscale_gated_mamba2_random_windows_block_size_512,outputs/TinyShakespeare/tiny_shakespeare_multiscale_gated_mamba2_random_windows_block_size_512,512,2,train,2.263101402918498,9.612856323587822,3.264965171019373
tiny_shakespeare_multiscale_gated_mamba2_random_windows_block_size_512,outputs/TinyShakespeare/tiny_shakespeare_multiscale_gated_mamba2_random_windows_block_size_512,512,2,val,2.1536929601121027,8.616620548888836,3.1071221531512028
tiny_shakespeare_multiscale_gated_mamba2_random_windows_block_size_512,outputs/TinyShakespeare/tiny_shakespeare_multiscale_gated_mamba2_random_windows_block_size_512,512,3,train,1.9934005419413248,7.340452886942633,2.8758690763641215
tiny_shakespeare_multiscale_gated_mamba2_random_windows_block_size_512,outputs/TinyShakespeare/tiny_shakespeare_multiscale_gated_mamba2_random_windows_block_size_512,512,3,val,1.9860776016681867,7.286895526884481,2.865304306747339
tiny_shakespeare_multiscale_gated_mamba2_random_windows_block_size_512,outputs/TinyShakespeare/tiny_shakespeare_multiscale_gated_mamba2_random_windows_block_size_512,512,4,train,1.8155072450637817,6.144191998197797,2.619223299151502
tiny_shakespeare_multiscale_gated_mamba2_random_windows_block_size_512,outputs/TinyShakespeare/tiny_shakespeare_multiscale_gated_mamba2_random_windows_block_size_512,512,4,val,1.8768394258964833,6.532824722208764,2.707706932285746
tiny_shakespeare_multiscale_gated_mamba2_random_windows_block_size_512,outputs/TinyShakespeare/tiny_shakespeare_multiscale_gated_mamba2_random_windows_block_size_512,512,5,train,1.689906120300293,5.418971949791313,2.4380191793251407
tiny_shakespeare_multiscale_gated_mamba2_random_windows_block_size_512,outputs/TinyShakespeare/tiny_shakespeare_multiscale_gated_mamba2_random_windows_block_size_512,512,5,val,1.7975489661179664,6.034837730497322,2.5933149791734738
tiny_shakespeare_multiscale_gated_mamba2_random_windows_block_size_512,outputs/TinyShakespeare/tiny_shakespeare_multiscale_gated_mamba2_random_windows_block_size_512,512,6,train,1.5959524949391684,4.933025516933764,2.3024727499431066
tiny_shakespeare_multiscale_gated_mamba2_random_windows_block_size_512,outputs/TinyShakespeare/tiny_shakespeare_multiscale_gated_mamba2_random_windows_block_size_512,512,6,val,1.7380572506341854,5.686285657062251,2.5074865762710457
tiny_shakespeare_multiscale_gated_mamba2_random_windows_block_size_512,outputs/TinyShakespeare/tiny_shakespeare_multiscale_gated_mamba2_random_windows_block_size_512,512,7,train,1.5274805545806884,4.606556222739347,2.203688621147883
tiny_shakespeare_multiscale_gated_mamba2_random_windows_block_size_512,outputs/TinyShakespeare/tiny_shakespeare_multiscale_gated_mamba2_random_windows_block_size_512,512,7,val,1.6877162388354818,5.40711802763954,2.434859848195723
tiny_shakespeare_multiscale_gated_mamba2_random_windows_block_size_512,outputs/TinyShakespeare/tiny_shakespeare_multiscale_gated_mamba2_random_windows_block_size_512,512,8,train,1.4772097269694011,4.38070524807684,2.1311631474516948
tiny_shakespeare_multiscale_gated_mamba2_random_windows_block_size_512,outputs/TinyShakespeare/tiny_shakespeare_multiscale_gated_mamba2_random_windows_block_size_512,512,8,val,1.646440725047895,5.188479697359832,2.3753118691442276
tiny_shakespeare_multiscale_gated_mamba2_random_windows_block_size_512,outputs/TinyShakespeare/tiny_shakespeare_multiscale_gated_mamba2_random_windows_block_size_512,512,9,train,1.4342494487762452,4.196494142678364,2.0691845671472184
tiny_shakespeare_multiscale_gated_mamba2_random_windows_block_size_512,outputs/TinyShakespeare/tiny_shakespeare_multiscale_gated_mamba2_random_windows_block_size_512,512,9,val,1.6207951989903824,5.057110126944663,2.3383131958800654
tiny_shakespeare_multiscale_gated_mamba2_random_windows_block_size_512,outputs/TinyShakespeare/tiny_shakespeare_multiscale_gated_mamba2_random_windows_block_size_512,512,10,train,1.4044825394948324,4.073418362689534,2.0262399947443326
tiny_shakespeare_multiscale_gated_mamba2_random_windows_block_size_512,outputs/TinyShakespeare/tiny_shakespeare_multiscale_gated_mamba2_random_windows_block_size_512,512,10,val,1.594031725514067,4.92355940636579,2.299701665418822
tiny_shakespeare_multiscale_mamba2_attention_random_windows_block_size_1024,outputs/TinyShakespeare/tiny_shakespeare_multiscale_mamba2_attention_random_windows_block_size_1024,1024,1,train,3.043336041768392,20.97510045822275,4.390605815217906
tiny_shakespeare_multiscale_mamba2_attention_random_windows_block_size_1024,outputs/TinyShakespeare/tiny_shakespeare_multiscale_mamba2_attention_random_windows_block_size_1024,1024,1,val,2.4885217143673906,12.043459281677949,3.590177936462336
tiny_shakespeare_multiscale_mamba2_attention_random_windows_block_size_1024,outputs/TinyShakespeare/tiny_shakespeare_multiscale_mamba2_attention_random_windows_block_size_1024,1024,2,train,2.2578298727671307,9.56231519322426,3.257359960612099
tiny_shakespeare_multiscale_mamba2_attention_random_windows_block_size_1024,outputs/TinyShakespeare/tiny_shakespeare_multiscale_mamba2_attention_random_windows_block_size_1024,1024,2,val,2.1452790191142572,8.54442496261107,3.094983402199279
tiny_shakespeare_multiscale_mamba2_attention_random_windows_block_size_1024,outputs/TinyShakespeare/tiny_shakespeare_multiscale_mamba2_attention_random_windows_block_size_1024,1024,3,train,1.9698288520177205,7.169449346548471,2.8418623162059653
tiny_shakespeare_multiscale_mamba2_attention_random_windows_block_size_1024,outputs/TinyShakespeare/tiny_shakespeare_multiscale_mamba2_attention_random_windows_block_size_1024,1024,3,val,1.9623729359413695,7.116193316862272,2.8311057030573292
tiny_shakespeare_multiscale_mamba2_attention_random_windows_block_size_1024,outputs/TinyShakespeare/tiny_shakespeare_multiscale_mamba2_attention_random_windows_block_size_1024,1024,4,train,1.7841101249059041,5.954279024745372,2.573926829601537
tiny_shakespeare_multiscale_mamba2_attention_random_windows_block_size_1024,outputs/TinyShakespeare/tiny_shakespeare_multiscale_mamba2_attention_random_windows_block_size_1024,1024,4,val,1.8555965435233521,6.395512314329923,2.6770599312318417
tiny_shakespeare_multiscale_mamba2_attention_random_windows_block_size_1024,outputs/TinyShakespeare/tiny_shakespeare_multiscale_mamba2_attention_random_windows_block_size_1024,1024,5,train,1.6594520568847657,5.256429830666724,2.3940832530606415
tiny_shakespeare_multiscale_mamba2_attention_random_windows_block_size_1024,outputs/TinyShakespeare/tiny_shakespeare_multiscale_mamba2_attention_random_windows_block_size_1024,1024,5,val,1.770386931635519,5.873125419812908,2.5541284467251915
tiny_shakespeare_multiscale_mamba2_attention_random_windows_block_size_1024,outputs/TinyShakespeare/tiny_shakespeare_multiscale_mamba2_attention_random_windows_block_size_1024,1024,6,train,1.5624859094619752,4.770665960243893,2.2541906730396737
tiny_shakespeare_multiscale_mamba2_attention_random_windows_block_size_1024,outputs/TinyShakespeare/tiny_shakespeare_multiscale_mamba2_attention_random_windows_block_size_1024,1024,6,val,1.7073520506591973,5.514340434158328,2.4631883365376264
tiny_shakespeare_multiscale_mamba2_attention_random_windows_block_size_1024,outputs/TinyShakespeare/tiny_shakespeare_multiscale_mamba2_attention_random_windows_block_size_1024,1024,7,train,1.493456816673279,4.452460286065961,2.1546027431963575
tiny_shakespeare_multiscale_mamba2_attention_random_windows_block_size_1024,outputs/TinyShakespeare/tiny_shakespeare_multiscale_mamba2_attention_random_windows_block_size_1024,1024,7,val,1.6525721620575362,5.220390262638669,2.38415766291156
tiny_shakespeare_multiscale_mamba2_attention_random_windows_block_size_1024,outputs/TinyShakespeare/tiny_shakespeare_multiscale_mamba2_attention_random_windows_block_size_1024,1024,8,train,1.4404913902282714,4.222770335334808,2.0781897851255757
tiny_shakespeare_multiscale_mamba2_attention_random_windows_block_size_1024,outputs/TinyShakespeare/tiny_shakespeare_multiscale_mamba2_attention_random_windows_block_size_1024,1024,8,val,1.6172982100240267,5.039456354144003,2.3332681072402606
tiny_shakespeare_multiscale_mamba2_attention_random_windows_block_size_1024,outputs/TinyShakespeare/tiny_shakespeare_multiscale_mamba2_attention_random_windows_block_size_1024,1024,9,train,1.401893401145935,4.062885360579555,2.0225046576882026
tiny_shakespeare_multiscale_mamba2_attention_random_windows_block_size_1024,outputs/TinyShakespeare/tiny_shakespeare_multiscale_mamba2_attention_random_windows_block_size_1024,1024,9,val,1.5886837243516057,4.8972984892357,2.2919861306630707
tiny_shakespeare_multiscale_mamba2_attention_random_windows_block_size_1024,outputs/TinyShakespeare/tiny_shakespeare_multiscale_mamba2_attention_random_windows_block_size_1024,1024,10,train,1.3693377335866292,3.932745307705659,1.9755367575475626
tiny_shakespeare_multiscale_mamba2_attention_random_windows_block_size_1024,outputs/TinyShakespeare/tiny_shakespeare_multiscale_mamba2_attention_random_windows_block_size_1024,1024,10,val,1.5655708404329287,4.785405859512885,2.258641287652953
tiny_shakespeare_multiscale_mamba2_attention_random_windows_block_size_256,outputs/TinyShakespeare/tiny_shakespeare_multiscale_mamba2_attention_random_windows_block_size_256,256,1,train,3.050268522898356,21.121015137349055,4.400607271365162
tiny_shakespeare_multiscale_mamba2_attention_random_windows_block_size_256,outputs/TinyShakespeare/tiny_shakespeare_multiscale_mamba2_attention_random_windows_block_size_256,256,1,val,2.5008873502286315,12.193308897113322,3.608017777996787
tiny_shakespeare_multiscale_mamba2_attention_random_windows_block_size_256,outputs/TinyShakespeare/tiny_shakespeare_multiscale_mamba2_attention_random_windows_block_size_256,256,2,train,2.2737560590108234,9.715825578679262,3.280336590526148
tiny_shakespeare_multiscale_mamba2_attention_random_windows_block_size_256,outputs/TinyShakespeare/tiny_shakespeare_multiscale_mamba2_attention_random_windows_block_size_256,256,2,val,2.164996394546853,8.714570496818975,3.1234295619552306
tiny_shakespeare_multiscale_mamba2_attention_random_windows_block_size_256,outputs/TinyShakespeare/tiny_shakespeare_multiscale_mamba2_attention_random_windows_block_size_256,256,3,train,1.994953735669454,7.351862891007835,2.8781098612532334
tiny_shakespeare_multiscale_mamba2_attention_random_windows_block_size_256,outputs/TinyShakespeare/tiny_shakespeare_multiscale_mamba2_attention_random_windows_block_size_256,256,3,val,1.9848911001759324,7.278254741633926,2.8635925469284564
tiny_shakespeare_multiscale_mamba2_attention_random_windows_block_size_256,outputs/TinyShakespeare/tiny_shakespeare_multiscale_mamba2_attention_random_windows_block_size_256,256,4,train,1.8228668689727783,6.189577746692876,2.629840992067819
tiny_shakespeare_multiscale_mamba2_attention_random_windows_block_size_256,outputs/TinyShakespeare/tiny_shakespeare_multiscale_mamba2_attention_random_windows_block_size_256,256,4,val,1.8839015886093822,6.5791238870622495,2.717895479409596
tiny_shakespeare_multiscale_mamba2_attention_random_windows_block_size_256,outputs/TinyShakespeare/tiny_shakespeare_multiscale_mamba2_attention_random_windows_block_size_256,256,5,train,1.7029929637908936,5.490355259893307,2.4568995035299204
tiny_shakespeare_multiscale_mamba2_attention_random_windows_block_size_256,outputs/TinyShakespeare/tiny_shakespeare_multiscale_mamba2_attention_random_windows_block_size_256,256,5,val,1.804812370696009,6.0788307747244295,2.6037938569381858
tiny_shakespeare_multiscale_mamba2_attention_random_windows_block_size_256,outputs/TinyShakespeare/tiny_shakespeare_multiscale_mamba2_attention_random_windows_block_size_256,256,6,train,1.6133341948191324,5.0195194138055435,2.327549242162151
tiny_shakespeare_multiscale_mamba2_attention_random_windows_block_size_256,outputs/TinyShakespeare/tiny_shakespeare_multiscale_mamba2_attention_random_windows_block_size_256,256,6,val,1.7487793218943395,5.747582444105754,2.522955255306128
tiny_shakespeare_multiscale_mamba2_attention_random_windows_block_size_256,outputs/TinyShakespeare/tiny_shakespeare_multiscale_mamba2_attention_random_windows_block_size_256,256,7,train,1.5484082301457722,4.703976572018937,2.2338808749029626
tiny_shakespeare_multiscale_mamba2_attention_random_windows_block_size_256,outputs/TinyShakespeare/tiny_shakespeare_multiscale_mamba2_attention_random_windows_block_size_256,256,7,val,1.6959431627070012,5.451785461875229,2.4467287904669353
tiny_shakespeare_multiscale_mamba2_attention_random_windows_block_size_256,outputs/TinyShakespeare/tiny_shakespeare_multiscale_mamba2_attention_random_windows_block_size_256,256,8,train,1.5000301996866863,4.481824417987532,2.164086130271664
tiny_shakespeare_multiscale_mamba2_attention_random_windows_block_size_256,outputs/TinyShakespeare/tiny_shakespeare_multiscale_mamba2_attention_random_windows_block_size_256,256,8,val,1.6604693414520417,5.261779836390179,2.3955508844610236
tiny_shakespeare_multiscale_mamba2_attention_random_windows_block_size_256,outputs/TinyShakespeare/tiny_shakespeare_multiscale_mamba2_attention_random_windows_block_size_256,256,9,train,1.4609079678853354,4.30987097677856,2.1076446804633466
tiny_shakespeare_multiscale_mamba2_attention_random_windows_block_size_256,outputs/TinyShakespeare/tiny_shakespeare_multiscale_mamba2_attention_random_windows_block_size_256,256,9,val,1.6338290574458847,5.123455211523261,2.3571170788374673
tiny_shakespeare_multiscale_mamba2_attention_random_windows_block_size_256,outputs/TinyShakespeare/tiny_shakespeare_multiscale_mamba2_attention_random_windows_block_size_256,256,10,train,1.4357109149297078,4.202631660626047,2.071293017119246
tiny_shakespeare_multiscale_mamba2_attention_random_windows_block_size_256,outputs/TinyShakespeare/tiny_shakespeare_multiscale_mamba2_attention_random_windows_block_size_256,256,10,val,1.6078018672229497,4.991826461906312,2.319567780574565
tiny_shakespeare_multiscale_mamba2_attention_random_windows_block_size_512,outputs/TinyShakespeare/tiny_shakespeare_multiscale_mamba2_attention_random_windows_block_size_512,512,1,train,3.0466594537099203,21.044925321684545,4.395400485144781
tiny_shakespeare_multiscale_mamba2_attention_random_windows_block_size_512,outputs/TinyShakespeare/tiny_shakespeare_multiscale_mamba2_attention_random_windows_block_size_512,512,1,val,2.4915513949104415,12.08000244503782,3.5945488415572733
tiny_shakespeare_multiscale_mamba2_attention_random_windows_block_size_512,outputs/TinyShakespeare/tiny_shakespeare_multiscale_mamba2_attention_random_windows_block_size_512,512,2,train,2.2647104104359945,9.628335931740429,3.267286478185618
tiny_shakespeare_multiscale_mamba2_attention_random_windows_block_size_512,outputs/TinyShakespeare/tiny_shakespeare_multiscale_mamba2_attention_random_windows_block_size_512,512,2,val,2.1520503423234314,8.602478352988145,3.1047523566134108
tiny_shakespeare_multiscale_mamba2_attention_random_windows_block_size_512,outputs/TinyShakespeare/tiny_shakespeare_multiscale_mamba2_attention_random_windows_block_size_512,512,3,train,1.97945503393809,7.238797011347527,2.8557499611251775
tiny_shakespeare_multiscale_mamba2_attention_random_windows_block_size_512,outputs/TinyShakespeare/tiny_shakespeare_multiscale_mamba2_attention_random_windows_block_size_512,512,3,val,1.9703723121008063,7.173346715022199,2.8426463633727543
tiny_shakespeare_multiscale_mamba2_attention_random_windows_block_size_512,outputs/TinyShakespeare/tiny_shakespeare_multiscale_mamba2_attention_random_windows_block_size_512,512,4,train,1.7994396527608236,6.046258510742363,2.596042663416999
tiny_shakespeare_multiscale_mamba2_attention_random_windows_block_size_512,outputs/TinyShakespeare/tiny_shakespeare_multiscale_mamba2_attention_random_windows_block_size_512,512,4,val,1.8660990481684667,6.4630351710159575,2.692211842600262
tiny_shakespeare_multiscale_mamba2_attention_random_windows_block_size_512,outputs/TinyShakespeare/tiny_shakespeare_multiscale_mamba2_attention_random_windows_block_size_512,512,5,train,1.67719247341156,5.350513156503169,2.419677264007152
tiny_shakespeare_multiscale_mamba2_attention_random_windows_block_size_512,outputs/TinyShakespeare/tiny_shakespeare_multiscale_mamba2_attention_random_windows_block_size_512,512,5,val,1.7841822062359165,5.95470823256549,2.5740308209788867
tiny_shakespeare_multiscale_mamba2_attention_random_windows_block_size_512,outputs/TinyShakespeare/tiny_shakespeare_multiscale_mamba2_attention_random_windows_block_size_512,512,6,train,1.5857258160909018,4.882834132245757,2.2877187710839486
tiny_shakespeare_multiscale_mamba2_attention_random_windows_block_size_512,outputs/TinyShakespeare/tiny_shakespeare_multiscale_mamba2_attention_random_windows_block_size_512,512,6,val,1.7260414897809306,5.618369458001349,2.490151497675547
tiny_shakespeare_multiscale_mamba2_attention_random_windows_block_size_512,outputs/TinyShakespeare/tiny_shakespeare_multiscale_mamba2_attention_random_windows_block_size_512,512,7,train,1.516347606976827,4.555556091328729,2.1876271728493153
tiny_shakespeare_multiscale_mamba2_attention_random_windows_block_size_512,outputs/TinyShakespeare/tiny_shakespeare_multiscale_mamba2_attention_random_windows_block_size_512,512,7,val,1.673414402956852,5.33033667890561,2.414226660498016
tiny_shakespeare_multiscale_mamba2_attention_random_windows_block_size_512,outputs/TinyShakespeare/tiny_shakespeare_multiscale_mamba2_attention_random_windows_block_size_512,512,8,train,1.4661078453063965,4.3323401453915515,2.115146517831942
tiny_shakespeare_multiscale_mamba2_attention_random_windows_block_size_512,outputs/TinyShakespeare/tiny_shakespeare_multiscale_mamba2_attention_random_windows_block_size_512,512,8,val,1.6353658343630977,5.131334872318345,2.359334179274883
tiny_shakespeare_multiscale_mamba2_attention_random_windows_block_size_512,outputs/TinyShakespeare/tiny_shakespeare_multiscale_mamba2_attention_random_windows_block_size_512,512,9,train,1.4260794878005982,4.162348623009043,2.0573978049633963
tiny_shakespeare_multiscale_mamba2_attention_random_windows_block_size_512,outputs/TinyShakespeare/tiny_shakespeare_multiscale_mamba2_attention_random_windows_block_size_512,512,9,val,1.6076510757681366,4.991073793881326,2.3193502344904977
tiny_shakespeare_multiscale_mamba2_attention_random_windows_block_size_512,outputs/TinyShakespeare/tiny_shakespeare_multiscale_mamba2_attention_random_windows_block_size_512,512,10,train,1.3966049830118814,4.041455838043796,2.0148750830720563
tiny_shakespeare_multiscale_mamba2_attention_random_windows_block_size_512,outputs/TinyShakespeare/tiny_shakespeare_multiscale_mamba2_attention_random_windows_block_size_512,512,10,val,1.5835568398053628,4.872254858051598,2.2845895997529957
tiny_shakespeare_multiscale_sum_mamba2_random_windows_block_size_1024,outputs/TinyShakespeare/tiny_shakespeare_multiscale_sum_mamba2_random_windows_block_size_1024,1024,1,train,3.1099148273468016,22.41913482223034,4.486658699000287
tiny_shakespeare_multiscale_sum_mamba2_random_windows_block_size_1024,outputs/TinyShakespeare/tiny_shakespeare_multiscale_sum_mamba2_random_windows_block_size_1024,1024,1,val,2.544255381182077,12.733742770542039,3.670584621186442
tiny_shakespeare_multiscale_sum_mamba2_random_windows_block_size_1024,outputs/TinyShakespeare/tiny_shakespeare_multiscale_sum_mamba2_random_windows_block_size_1024,1024,2,train,2.3242167949676515,10.218673634239433,3.3531360440506717
tiny_shakespeare_multiscale_sum_mamba2_random_windows_block_size_1024,outputs/TinyShakespeare/tiny_shakespeare_multiscale_sum_mamba2_random_windows_block_size_1024,1024,2,val,2.1925945352569993,8.958425940379314,3.1632452626955145
tiny_shakespeare_multiscale_sum_mamba2_random_windows_block_size_1024,outputs/TinyShakespeare/tiny_shakespeare_multiscale_sum_mamba2_random_windows_block_size_1024,1024,3,train,2.0331478277842203,7.6380919542895995,2.933212288538463
tiny_shakespeare_multiscale_sum_mamba2_random_windows_block_size_1024,outputs/TinyShakespeare/tiny_shakespeare_multiscale_sum_mamba2_random_windows_block_size_1024,1024,3,val,2.0036772183251177,7.416277289880466,2.89069518641984
tiny_shakespeare_multiscale_sum_mamba2_random_windows_block_size_1024,outputs/TinyShakespeare/tiny_shakespeare_multiscale_sum_mamba2_random_windows_block_size_1024,1024,4,train,1.8350632190704346,6.265530233912577,2.6474366058706535
tiny_shakespeare_multiscale_sum_mamba2_random_windows_block_size_1024,outputs/TinyShakespeare/tiny_shakespeare_multiscale_sum_mamba2_random_windows_block_size_1024,1024,4,val,1.8832889577327547,6.575094547002967,2.71701163988199
tiny_shakespeare_multiscale_sum_mamba2_random_windows_block_size_1024,outputs/TinyShakespeare/tiny_shakespeare_multiscale_sum_mamba2_random_windows_block_size_1024,1024,5,train,1.6961706161499024,5.453025630283431,2.447056936421042
tiny_shakespeare_multiscale_sum_mamba2_random_windows_block_size_1024,outputs/TinyShakespeare/tiny_shakespeare_multiscale_sum_mamba2_random_windows_block_size_1024,1024,5,val,1.7919160433806884,6.000939518466035,2.585188389474692
tiny_shakespeare_multiscale_sum_mamba2_random_windows_block_size_1024,outputs/TinyShakespeare/tiny_shakespeare_multiscale_sum_mamba2_random_windows_block_size_1024,1024,6,train,1.5889063994089763,4.898389116881032,2.2923073828640685
tiny_shakespeare_multiscale_sum_mamba2_random_windows_block_size_1024,outputs/TinyShakespeare/tiny_shakespeare_multiscale_sum_mamba2_random_windows_block_size_1024,1024,6,val,1.7235390931716281,5.604327645739007,2.486541302496969
tiny_shakespeare_multiscale_sum_mamba2_random_windows_block_size_1024,outputs/TinyShakespeare/tiny_shakespeare_multiscale_sum_mamba2_random_windows_block_size_1024,1024,7,train,1.5140700817108155,4.545192503376465,2.184341398442541
tiny_shakespeare_multiscale_sum_mamba2_random_windows_block_size_1024,outputs/TinyShakespeare/tiny_shakespeare_multiscale_sum_mamba2_random_windows_block_size_1024,1024,7,val,1.6668602307208944,5.29551497262011,2.4047709887160678
tiny_shakespeare_multiscale_sum_mamba2_random_windows_block_size_1024,outputs/TinyShakespeare/tiny_shakespeare_multiscale_sum_mamba2_random_windows_block_size_1024,1024,8,train,1.4563721656799316,4.290366522110896,2.101100901115157
tiny_shakespeare_multiscale_sum_mamba2_random_windows_block_size_1024,outputs/TinyShakespeare/tiny_shakespeare_multiscale_sum_mamba2_random_windows_block_size_1024,1024,8,val,1.6291907758061084,5.0997462103015625,2.3504254529175155
tiny_shakespeare_multiscale_sum_mamba2_random_windows_block_size_1024,outputs/TinyShakespeare/tiny_shakespeare_multiscale_sum_mamba2_random_windows_block_size_1024,1024,9,train,1.4147825558980307,4.115591457581072,2.0410997773303015
tiny_shakespeare_multiscale_sum_mamba2_random_windows_block_size_1024,outputs/TinyShakespeare/tiny_shakespeare_multiscale_sum_mamba2_random_windows_block_size_1024,1024,9,val,1.6000195422628691,4.953129218802539,2.3083402589480704
tiny_shakespeare_multiscale_sum_mamba2_random_windows_block_size_1024,outputs/TinyShakespeare/tiny_shakespeare_multiscale_sum_mamba2_random_windows_block_size_1024,1024,10,train,1.380465308825175,3.976751614675526,1.9915904551613315
tiny_shakespeare_multiscale_sum_mamba2_random_windows_block_size_1024,outputs/TinyShakespeare/tiny_shakespeare_multiscale_sum_mamba2_random_windows_block_size_1024,1024,10,val,1.5771647735520318,4.841210406992235,2.2753677974682813
tiny_shakespeare_multiscale_sum_mamba2_random_windows_block_size_256,outputs/TinyShakespeare/tiny_shakespeare_multiscale_sum_mamba2_random_windows_block_size_256,256,1,train,3.1174956798553466,22.589736813924215,4.497595557320076
tiny_shakespeare_multiscale_sum_mamba2_random_windows_block_size_256,outputs/TinyShakespeare/tiny_shakespeare_multiscale_sum_mamba2_random_windows_block_size_256,256,1,val,2.5573483195235798,12.90156109966279,3.689473738402393
tiny_shakespeare_multiscale_sum_mamba2_random_windows_block_size_256,outputs/TinyShakespeare/tiny_shakespeare_multiscale_sum_mamba2_random_windows_block_size_256,256,2,train,2.341642220815023,10.398298851689287,3.3782756195060526
tiny_shakespeare_multiscale_sum_mamba2_random_windows_block_size_256,outputs/TinyShakespeare/tiny_shakespeare_multiscale_sum_mamba2_random_windows_block_size_256,256,2,val,2.2126345295613152,9.13976368008579,3.192156863097794
tiny_shakespeare_multiscale_sum_mamba2_random_windows_block_size_256,outputs/TinyShakespeare/tiny_shakespeare_multiscale_sum_mamba2_random_windows_block_size_256,256,3,train,2.061102859179179,7.85462758341805,2.973542873699865
tiny_shakespeare_multiscale_sum_mamba2_random_windows_block_size_256,outputs/TinyShakespeare/tiny_shakespeare_multiscale_sum_mamba2_random_windows_block_size_256,256,3,val,2.0294968601373657,7.610256372005639,2.9279450556199
tiny_shakespeare_multiscale_sum_mamba2_random_windows_block_size_256,outputs/TinyShakespeare/tiny_shakespeare_multiscale_sum_mamba2_random_windows_block_size_256,256,4,train,1.878307588895162,6.5424230179499965,2.709825043763156
tiny_shakespeare_multiscale_sum_mamba2_random_windows_block_size_256,outputs/TinyShakespeare/tiny_shakespeare_multiscale_sum_mamba2_random_windows_block_size_256,256,4,val,1.9152300410051135,6.788500250814135,2.7630928823196435
tiny_shakespeare_multiscale_sum_mamba2_random_windows_block_size_256,outputs/TinyShakespeare/tiny_shakespeare_multiscale_sum_mamba2_random_windows_block_size_256,256,5,train,1.7474798997243246,5.740118758343471,2.5210805853854263
tiny_shakespeare_multiscale_sum_mamba2_random_windows_block_size_256,outputs/TinyShakespeare/tiny_shakespeare_multiscale_sum_mamba2_random_windows_block_size_256,256,5,val,1.8306594400358578,6.237998888701935,2.6410832956962986
tiny_shakespeare_multiscale_sum_mamba2_random_windows_block_size_256,outputs/TinyShakespeare/tiny_shakespeare_multiscale_sum_mamba2_random_windows_block_size_256,256,6,train,1.6469134251276651,5.190932871888879,2.3759938312051396
tiny_shakespeare_multiscale_sum_mamba2_random_windows_block_size_256,outputs/TinyShakespeare/tiny_shakespeare_multiscale_sum_mamba2_random_windows_block_size_256,256,6,val,1.7698224455022842,5.869811057498467,2.553314065380123
tiny_shakespeare_multiscale_sum_mamba2_random_windows_block_size_256,outputs/TinyShakespeare/tiny_shakespeare_multiscale_sum_mamba2_random_windows_block_size_256,256,7,train,1.5759914716084797,4.835533536405462,2.273675080572853
tiny_shakespeare_multiscale_sum_mamba2_random_windows_block_size_256,outputs/TinyShakespeare/tiny_shakespeare_multiscale_sum_mamba2_random_windows_block_size_256,256,7,val,1.7163959077823634,5.564437535226859,2.4762358643597264
tiny_shakespeare_multiscale_sum_mamba2_random_windows_block_size_256,outputs/TinyShakespeare/tiny_shakespeare_multiscale_sum_mamba2_random_windows_block_size_256,256,8,train,1.5232955455780028,4.587318027564426,2.1976509294136326
tiny_shakespeare_multiscale_sum_mamba2_random_windows_block_size_256,outputs/TinyShakespeare/tiny_shakespeare_multiscale_sum_mamba2_random_windows_block_size_256,256,8,val,1.6808907511095368,5.37033747530546,2.4250127509018538
tiny_shakespeare_multiscale_sum_mamba2_random_windows_block_size_256,outputs/TinyShakespeare/tiny_shakespeare_multiscale_sum_mamba2_random_windows_block_size_256,256,9,train,1.4820625940958658,4.4020158956137045,2.1381643547891382
tiny_shakespeare_multiscale_sum_mamba2_random_windows_block_size_256,outputs/TinyShakespeare/tiny_shakespeare_multiscale_sum_mamba2_random_windows_block_size_256,256,9,val,1.649612883550362,5.204964509742248,2.3798883264846507
tiny_shakespeare_multiscale_sum_mamba2_random_windows_block_size_256,outputs/TinyShakespeare/tiny_shakespeare_multiscale_sum_mamba2_random_windows_block_size_256,256,10,train,1.454256828625997,4.281300543013064,2.098049114837637
tiny_shakespeare_multiscale_sum_mamba2_random_windows_block_size_256,outputs/TinyShakespeare/tiny_shakespeare_multiscale_sum_mamba2_random_windows_block_size_256,256,10,val,1.627827231942534,5.092797221352998,2.3484582749475025
tiny_shakespeare_multiscale_sum_mamba2_random_windows_block_size_512,outputs/TinyShakespeare/tiny_shakespeare_multiscale_sum_mamba2_random_windows_block_size_512,512,1,train,3.113519287109375,22.50008950290553,4.4918588352248365
tiny_shakespeare_multiscale_sum_mamba2_random_windows_block_size_512,outputs/TinyShakespeare/tiny_shakespeare_multiscale_sum_mamba2_random_windows_block_size_512,512,1,val,2.5484373839456316,12.787106824535181,3.676617975834406
tiny_shakespeare_multiscale_sum_mamba2_random_windows_block_size_512,outputs/TinyShakespeare/tiny_shakespeare_multiscale_sum_mamba2_random_windows_block_size_512,512,2,train,2.332116889953613,10.299721849351423,3.36453347190947
tiny_shakespeare_multiscale_sum_mamba2_random_windows_block_size_512,outputs/TinyShakespeare/tiny_shakespeare_multiscale_sum_mamba2_random_windows_block_size_512,512,2,val,2.200034844710847,9.025327978898842,3.17397936024726
tiny_shakespeare_multiscale_sum_mamba2_random_windows_block_size_512,outputs/TinyShakespeare/tiny_shakespeare_multiscale_sum_mamba2_random_windows_block_size_512,512,3,train,2.0438175837198895,7.720024855994355,2.9486054925143486
tiny_shakespeare_multiscale_sum_mamba2_random_windows_block_size_512,outputs/TinyShakespeare/tiny_shakespeare_multiscale_sum_mamba2_random_windows_block_size_512,512,3,val,2.012661121135255,7.4832045882938365,2.903656218451854
tiny_shakespeare_multiscale_sum_mamba2_random_windows_block_size_512,outputs/TinyShakespeare/tiny_shakespeare_multiscale_sum_mamba2_random_windows_block_size_512,512,4,train,1.8514957745869955,6.3693394971146375,2.6711437722235285
tiny_shakespeare_multiscale_sum_mamba2_random_windows_block_size_512,outputs/TinyShakespeare/tiny_shakespeare_multiscale_sum_mamba2_random_windows_block_size_512,512,4,val,1.8950496685798244,6.652878835470291,2.7339787590983864
tiny_shakespeare_multiscale_sum_mamba2_random_windows_block_size_512,outputs/TinyShakespeare/tiny_shakespeare_multiscale_sum_mamba2_random_windows_block_size_512,512,5,train,1.716227396329244,5.563499942771758,2.475992753721978
tiny_shakespeare_multiscale_sum_mamba2_random_windows_block_size_512,outputs/TinyShakespeare/tiny_shakespeare_multiscale_sum_mamba2_random_windows_block_size_512,512,5,val,1.8068867174543264,6.0914534650285,2.6067865067194944
tiny_shakespeare_multiscale_sum_mamba2_random_windows_block_size_512,outputs/TinyShakespeare/tiny_shakespeare_multiscale_sum_mamba2_random_windows_block_size_512,512,6,train,1.6133399566014608,5.0195483352671175,2.327557554656943
tiny_shakespeare_multiscale_sum_mamba2_random_windows_block_size_512,outputs/TinyShakespeare/tiny_shakespeare_multiscale_sum_mamba2_random_windows_block_size_512,512,6,val,1.7427694660857023,5.713143891391753,2.5142848661345494
tiny_shakespeare_multiscale_sum_mamba2_random_windows_block_size_512,outputs/TinyShakespeare/tiny_shakespeare_multiscale_sum_mamba2_random_windows_block_size_512,512,7,train,1.5388893127441405,4.659412246135752,2.220147979972997
tiny_shakespeare_multiscale_sum_mamba2_random_windows_block_size_512,outputs/TinyShakespeare/tiny_shakespeare_multiscale_sum_mamba2_random_windows_block_size_512,512,7,val,1.6884208291271912,5.410929172998282,2.4358763571154305
tiny_shakespeare_multiscale_sum_mamba2_random_windows_block_size_512,outputs/TinyShakespeare/tiny_shakespeare_multiscale_sum_mamba2_random_windows_block_size_512,512,8,train,1.4851056496302286,4.415431876882356,2.1425545559177133
tiny_shakespeare_multiscale_sum_mamba2_random_windows_block_size_512,outputs/TinyShakespeare/tiny_shakespeare_multiscale_sum_mamba2_random_windows_block_size_512,512,8,val,1.6497190611057617,5.205517189490408,2.3800415083172792
tiny_shakespeare_multiscale_sum_mamba2_random_windows_block_size_512,outputs/TinyShakespeare/tiny_shakespeare_multiscale_sum_mamba2_random_windows_block_size_512,512,9,train,1.4426623106002807,4.231947591423917,2.0813217611804387
tiny_shakespeare_multiscale_sum_mamba2_random_windows_block_size_512,outputs/TinyShakespeare/tiny_shakespeare_multiscale_sum_mamba2_random_windows_block_size_512,512,9,val,1.6227447741157999,5.066978959944495,2.3411258382453455
tiny_shakespeare_multiscale_sum_mamba2_random_windows_block_size_512,outputs/TinyShakespeare/tiny_shakespeare_multiscale_sum_mamba2_random_windows_block_size_512,512,10,train,1.411149533589681,4.100666549681268,2.0358584340626065
tiny_shakespeare_multiscale_sum_mamba2_random_windows_block_size_512,outputs/TinyShakespeare/tiny_shakespeare_multiscale_sum_mamba2_random_windows_block_size_512,512,10,val,1.5985140166227854,4.9456777663488065,2.3061682445731906
